<?xml version="1.0" encoding="UTF-8"?>
<templates id="template" xml:space="preserve">
    <t t-name="custom_pos.PhoneNumberPopup" owl="1">
        <div class="popup cash-move-popup">
            <main class="body">
                <div class="cash-move">
                    <div class="input-amount">
                        <span>Phone Number: </span>
                        <input t-model="state.inputValue" t-ref="phoneNumber" type="textarea"/>
                    </div>
                    <span class="error-message"><t t-esc="phone.error"/></span>
                </div>
            </main>
            <footer class="footer cash-move">
                <div class="button confirm disable highlight dynamic-size" t-on-click="confirm">
                    <t t-esc="props.confirmText"/>
                </div>
                <div class="button cancel" t-on-click="cancel">
                    <t t-esc="props.cancelText"/>
                </div>
            </footer>
        </div>
    </t>
</templates>
