<?xml version="1.0" encoding="UTF-8"?>
<templates xml:space="preserve">
    <t t-name="PhoneNumberButton" t-inherit="point_of_sale.ProductScreen" t-inherit-mode="extension" owl="1">
            <xpath expr="//div[hasclass('control-buttons')]" position="inside">
                <div class="control-button" t-on-click='onClick'>
                    <i class="fa fa-phone" />
                    <span> </span>
                    <span>Phone Number</span>
                </div>
            </xpath>
        </t>
          
    </t>
</templates>
    
